name,profile_url
"""Weird Al"" Yankovic",
*NSYNC,
$hy,
"10,000 Maniacs",
11 Acorn Lane,
2Pac,
30 Seconds To Mars,
311,
36,
"3LAU, Paris & Simo ft. Bright Lights",
5 Seconds of Summer,
50 Cent,
6LACK,
93feetofsmoke,
A Goofy Movie,
A Killer's Confession,
A Perfect Circle,
A-Ha,
A. R. Rahman & Mohit Chauhan,
"A. R. Rahman, T.L.Maharajan, Hariharan & Aslam",
"A.R. Rahman, Chinmaye, Murtuza Khan & Qadir Khan",
"A.R. Rahman, Javed Ali, Mohit Chauhan",
A$AP Ferg,
Aaron Watson,
Abhijeet,
AC/DC,
Adam Gyorgy,
Adam Sandler,
ADDZY,
Adele,
Adoxe,
Adventure,
Aerosmith,
Afrojack & Steve Aoki,
aftertheparty,
Aimee Mann,
Aimer,
Ain't Nobody,
Air,
airospace,
Aivi Tran,
AJ Rafael,
AJ Rafael & Jesse Barrera,
AJR,
Akala,
Al Stewart,
Alain Delon & Dalida,
Alan Parsons Project,
Alan Walker,
Alic Francis,
Alice Boman,
Alice Cooper,
Alina Eremia,
Alison Krauss & Union Station,
Alkaline,
All Time Low,
Allie X,
Alma,
Aloe Blacc,
Alt-J,
Alter Bridge,
America,
American Authors,
Amerie,
Amos Lee,
Amy Winehouse,
Anamanaguchi,
Anderson .Paak,
Andra Day,
Andreas B,
Andreipoll,
Andrew Belle,
Andrew Bird,
Andrew Luce,
Andrew W.K.,
Andy Moor ft. Sue McLaren,
Angel Olsen,
Angus and Julia Stone,
Animal Collecitve,
Ann Peebles,
Anna Kendrick,
Annella,
Annie Little,
Anthrax,
Antonin Dvorak,
Anupam Roy & Shreya Ghoshal,
AOSOON,
Apocalyptica,
Arcade Fire,
Arctic Monkeys,
Aretha Franklin,
Argent,
Arjit Singh,
"Arjun, Jonita Gandh",
Arman Cekin,
Arrested Development,
Ashtar Command,
Atmosphere,
Atticus Ross,
Attila,
Audien & MAX,
Audioslave,
Audiovent,
Auli'i Cravalho,
AURORA,
Austin Basham,
Austrian Death Machine,
Autoheart,
Av.i,
Avenged Sevenfold,
Avenue Q,
Average White Band,
Avicii,
Avicii vs Nicky Romero,
Avril Lavigne,
Avro Part,
AWOLNATION,
Axel F,
AZEDIA,
B.B. King,
B.J. Thomas,
Baarish,
Bach,
Bachman-Turner Overdrive,
Backspace,
Backstreet Boys,
Bad Meets Evil,
Bad Religion,
Bad Suns,
Badfinger,
Badshah,
Bag Raiders,
Balduin & Wolfgang Lohr,
Bananarama,
Band of Horses,
Barbara Higbie,
Barbra Streisand,
Barenaked Ladies,
Barnes & Barnes,
Barney,
Bastille,
Be Your Own Pet,
Bearson,
Beck,
Becky G,
Bee Gees,
Beethoven,
Behemoth,
bello,
Ben Howard,
Benny Hill,
Berhard Herrmann,
Berlin,
Bernard Haitink & The London Philharmonic Orchestra,
Betty Who,
BeyoncŽ,
Big Country,
Big D and The Kids Table,
Big Sean,
BIGBANG,
Bill Conti,
Bill Withers,
Billon,
Billy Bragg & Wilco,
Billy Crystal,
Billy Joel,
Billy Medley & Jennifer Warnes,
Billy Simpson,
Birdy,
Bjšrk,
Black Light Burns,
Black Sabbath,
Black Stone Cherry,
Black Veil Brides,
Blackalicious,
Blackbear,
Blackstar,
Blastikz,
Bleach,
Blind Melon,
Blink-182,
Blondie,
Blood On The Dance Floor,
Bloodhound Gang,
Blouse,
Blue,
Blue Oyster Cult,
Blue Stahli,
Blue Swede,
Blure,
Boards of Canada,
Bob Dylan,
Bob Marley,
Bob Marley & The Wailers,
Bob Mould,
Bobby McFerrin,
bobby raps,
Bolt Thrower,
Bon Iver,
Bon Iver & St. Vincent,
Bon Jovi,
Bonehead,
Bonnie Tyler,
Bonobo,
Boogie,
Booker T. & The M.G.'s,
B¯RNS,
Bossadabang (____),
Boston,
Boyzone,
Brad Majors,
Brad Paisley,
Branford Marsalis,
Breaking Benjamin,
Breathe Carolina,
Bri (Briana Babineaux),
Brian Eno,
Brian Wilson,
Brick + Mortar,
"Bridgit Mendler, Pell",
Bring Me The Horizon,
Britney Spears,
Brock Berrigan,
Broods,
Brother Ali,
Brothers Osborne,
Bruce Cockburn,
"Bruce Hornsby, The Range",
Bruce Springsteen,
Bruno Mars,
BrunuhVille,
Bryan Adams,
Bryson Tiller,
Bryson Tiller X 6LACK,
BTS,
Buddha Bar,
Buena Vista Social Club,
BuhDihKuh,
Building Peaks,
Bullet For My Valentine,
Burden of the Sky,
Butterfingers,
C+C Music Factory,
C2C,
C418,
Cage The Elephant,
Caitlyn Smith,
Cake,
Calexico,
Calvin Harris,
Cam,
Camila Cabello,
Cannonball Adderley & Bill Evans,
Canvai,
Caravan Palace,
Carcass,
Carly Rae Jepsen,
case/lang/veirs,
Casey Abrams,
Cash Cash,
Cash Cash & Digital Farm Animals,
Cashmere Cat,
Cat Stevens,
Cata Raybaud,
Catboss.,
Cats,
Cee Lo Green,
Celldweller,
CFO$,
Chad & Jeremy,
Chaka Khan,
Chamillionaire,
Chance The Rapper,
"Chanyeol, Punch",
Charlie Hare,
Charlie Puth,
Charlie Worsham,
Chase Holfelder,
Chelou,
Cher Lloyd,
Chicago,
Chico Hamilton Quintet,
Childish Gambino,
Chinese Man,
Chingon,
Chloe x Halle,
Chopin,
Chord Overstreet,
Chris Brown,
Chris Carmack,
Chris Malinchak,
Chris Rea,
Chris Stapleton,
Chris Young,
Christina Aguilera,
Christina Perri,
Christopher Cross,
Chrome Sparks,
chrsbrry,
Citizen Way,
Clap Your Hands Say Yeah,
Claude Debussy,
Clifford T Ward,
clipping.,
Clutch,
CMA,
COIN,
Cold War Kids,
coldhart,
Coldplay,
Colony House,
Congorock & Nom de Strip,
Conjure One,
Construct Paradise,
Corey Smith,
Corinne Bailey Rae,
CoryaYo,
Counting Crows,
Cowboy Junkies,
Cradle Of Filth,
Craig David,
Creaky Jackals,
Creed,
Creedence Clearwater Revival,
Crosby Stills and Nash,
Cthulhu,
CunninLynguists,
Curtis Mayfield,
Cyndi Lauper,
Daft Punk,
Daisy Chute,
Damian Marley,
Damien Escobar,
Dan Fogelberg,
Daniel Caesar,
Daniele Luppi,
Danny Elfman,
Dante Klein,
Danzig,
Darius,
Darude,
Dash Berlin & Alexander Popov,
Daughtry,
Dave Barnes,
Dave Brubeck,
Dave Graney 'N' The Coral Snakes,
David Bowie,
David Gilmour,
David Gray,
David Guetta,
"David Guetta, Justin Bieber",
David Zowie,
deadmau5,
deadmau5 & Kaskade,
Dear Evan Hansen,
Death Cab For Cutie,
Death Grips,
Decapitated,
Deee-Lite,
Deep Purple,
Def Leppard,
Deftones,
Demon Hunter,
Dennis Kruissen,
Depeche Mode,
Destra,
Destroid,
Destructo,
Devendra Banhart,
Dhruva Aliman,
Dia Frampton,
Diana Ross,
Dick Dale and The Deltones,
Die Antwoord,
Die Kassierer,
Dierks Bentley,
Digital Mindz,
Dillion Francis,
Dimaa,
"Dinah Washington, Shablo",
Dinosaur Jr,
DIO,
Dios Trio,
Dire Straits,
Disclosure,
Disneyland Children's Sing-Along Chorus,
Disturbed,
Dive,
Divine Realm,
Diviners,
Divinyls,
Divya Kumar,
DJ Hans Solo,
DJ Khaled,
DJ Snake,
DMX,
Dobie Gray,
Don Henley,
Don McLean,
Donna Summer,
Donny Hathaway,
Dopesmoker,
DOROTHY,
Downplay,
Dr. Alban,
Dr. Hook,
ZZ Top,
DragonForce,
Drake,
"Drake, Kanye West, Lil Wayne & Eminem",
Dream Theater,
Drowning Pool,
drtylaundry,
Duke Ellington & John Coltrane,
Duke Special,
Duran Duran,
DVBBS & Shaun Frank,
E.S. Posthumus,
Eagles,
Earnest Pugh,
"Earth, Wind & Fire",
Ed Sheeran,
Eddie Murphy,
Eddie Rabbit,
Eddie Vedder,
"EDEN, gnash",
Edvard Greig,
Edward Maya & Vika Jigulina,
Edward Sharpe & The Magnetic Zeros,
Eels,
eevee,
Elastica,
Electric Joy Ride,
Electric Light Orchestra,
Electric Swing Circus,
Electromagnetic Blaze,
Electus,
Elemental,
Ella Fitzgerald,
Ella Fitzgerald & Louis Armstrong,
Ellec & The Pocket Belles,
Ellie Goulding,
Elliott Smith,
Elton John,
Elvis Costello & The Attractions,
Elvis Presley,
Elysia & The Two Hats,
Emancipator,
Eminem,
emory lane,
Empire Of The Sun,
Engelbert Humperdinck,
Ennio Morricone,
Enrique Iglesias,
Enya,
Eric Clapton,
Eric Paslay,
Erik Satie,
Erykah Badu,
Escape The Fate,
Etalix FT Movimiento,
Evanescence,
Everything But The Girl,
Extan,
Ezra Furman,
Faber Drive,
Fail Emotions,
Faith No More,
Fall Out Boy,
Family Force 5,
Family of the Year,
Fareed Ayaz & Abu Muhammad,
Fargetta & Anne Marie Smith,
Fat Jon,
Fatboy Slim,
Fax,
Feed Me,
Feed The Animals,
Felix Da Housecat,
Fenech-Soler,
Ferdia Walsh Peelo,
Fergie,
FIDLAR,
Fifth Harmony,
fiji,
Fiona Apple,
Fire Emblem Fates,
First Class,
Fitz and The Tantrums,
Five Finger Death Punch,
Five For Fighting,
Five Knives,
FKJ,
Flakron,
Fl‡vio Venturini,
Fleetwood Mac,
Flipper,
Flo Rida,
Flogging Molly,
Florence + The Machine,
Fluke,
Flume,
FM-84,
Foals,
Foo Fighters,
Foster The People,
four fing,
Fox Stevenson,
France Gall,
Frank Ocean,
Frank Sinatra,
Frankie Goes To Hollywood,
Frankie Stew & Harvey Gunn,
Franz Schubert,
Fred A. Staire,
French Montana,
Frente,
Friend Within,
Fuel,
Full Metal Alchemist,
Fun.,
Funkadelic,
Future,
G-Eazy,
G-Eazy & Kehlani,
Galantis,
Galt MacDermot,
GARBAGE,
Garbage,
Garrett Kato,
Garth Brooks,
Gary Jules,
Gary Numan,
Gasoline,
Gem Club,
George Benson,
George Harrison,
George Michael,
Gerry Rafferty,
Get Up Kids,
Gheorghe Zamfir,
Ghost,
Gianni Ferrio,
gin$eng & nara,
Girlschool,
Gladys Knight & The Pips,
Glass Animals,
Glen Campbell,
Glenn Frey,
Glenn Miller,
Go West,
Godsmack,
Golden Earring,
Goldfish,
Good Charlotte,
Goose House,
Gorguts,
Gowe,
Grandaddy,
Grant Kirkhope,
Grant-Lee Phillips,
Grateful Dead,
Great Northern,
Green Day,
Green River Ordinance,
Greg Laswell,
Gregg Allman,
Grieg,
Grimes,
Grizzly Bear,
Gulty Gear Xrd,
GUMI,
Guns N' Roses,
Gustav Holst,
Gustav Mahler,
Gustavo Santaolalla,
Guster,
Gypsy King,
"Hailee Steinfeld, Grey",
"Haji Springer, The PropheC",
Haley & Michaels,
Half Moon Run,
HALFNOISE,
Halford,
Hall & Oates,
Halo 3,
Halsey,
"Hamilton, Joe Frank & Reynolds",
Hammock,
Hans Zimmer,
Hans Zimmer & Junkie XL,
Hanson,
Happy Happy Joy Joy,
Hardwell & Dannic,
Hardy Sandhu,
Harry Belafonte,
Harry Chapin,
Harry Nilsson,
Harry Styles,
"Harshdeep, Arijit Singh",
Hatebreed,
Hatsune Miku,
HAUX,
Hayes Carll,
Haystak,
He Is We,
Head East,
Healing4Happiness,
Heaven Shall Burn,
HEIZE,
Helen Reddy,
Helen Shapiro,
Hell Awaits,
"Hellberg, Teqq & Taylr Renee",
Hellogoodbye,
HELLYEAH,
Hereafter,
Herman's Hermits,
Hilary Duff,
Hillsong Young & Free,
Himesh Reshammiya & Mayur Puri,
Hit The Road Jack,
Hoku,
Hollow Point Heroes,
Holly Dunn,
Holly Valance,
Hollywood Undead,
HOME,
HOMESHAKE,
Hot Chelle Rae,
Hot Hot Heat,
House Of Pain,
Howard Day,
Hozier,
Huey Lewis and The News,
Hurts,
Hush,
Hyukoh,
IA & One,
Ice Cube,
Idina Menzel,
If These Trees Could Talk,
Iggy Pop,
IGLOOGHOST,
Ima,
Imagine Dragons,
In Love With A Ghost,
Incubus,
Infected Mushroom,
Initial D,
Ink Elk,
Inna,
INXS,
Iration,
Iron Maiden,
Isaac Hayes,
Isbells,
Isley Brothers,
"Israel ""IZ"" Kamakawiwo_ole",
IV Rox,
J Hus,
J. Cole,
Jabricon,
Jack & Jack,
Jack Johnson,
Jackie Mittoo & The Skatalites,
Jackson Browne,
Jacoo,
Jagjit Singh,
Jah Cure,
Jake Bugg,
James Arthur,
James Bay,
James Brown,
James Brown & The Famous Flames,
James Newton Howard & Friends,
James Taylor,
James Warren,
Jamie Berry,
Jamie Foxx,
Janet Jackson,
Jarina De Marco,
Jarryd James,
Jasleen Royal,
Jason Derulo,
Jason Lytle,
Jason Mraz,
Jason Paige,
Jax Jones,
Jay-Z,
Jaymes Young,
JayyVon Monroe,
Jazzotron,
Jean Michel Jarre,
Jeff Beck,
Jeff Kollman,
"Jeff Wayne, Gary Osborne & Paul Vigrass",
Jellyfish,
Jenova Collective,
Jesse McCartney,
Jessica Sanchez,
Jessie J,
Jessye Norman,
Jesus Jones,
Jethro Tull,
Jill Scott,
Jim Croce,
Jimi Jamison,
Jimmis,
Jimmy Cliff,
Jimmy Page & Robert Plant,
Jiro Inagaki & Soul Media,
JJ Lin & Jason Mraz,
JJ Shiplett,
Joe,
Joe Esposito,
Joe Purdy,
Joey B. Ellis,
Joey Pecoraro,
Johannes Borlšf,
John Butler,
John Butler Trio,
John Cena,
John Coltrane,
John Denver,
John Frusciante,
John Lee Hooker,
John Lee Hooker & Santana,
John Legend,
John Lennon,
John Mayer,
John Williams & Boston Pops Orchestra,
Johnny Cash,
Johnny Nash,
Johnny Paycheck,
Joji,
JoJo,
Jon Langston,
Jonas Blue,
Jonas Brothers,
Jonny Diaz,
Jordan DePaul,
Jose Gonzalez,
Joseph & His Amazing Technicolor Dreamcoat,
Joseph Haydn,
Josh Kelley,
Joshua Radin,
Journey,
Joy Division,
JP Cooper,
JT Coldfire,
Jubin Nautiyal & Shirley Setia,
Judy Collins,
Jules Massenet,
Julia Michaels,
Julian Kruse,
jurp,
Justice Crew,
Justin Bieber,
"Justin Bieber, Halsey",
Justin Nozuka,
Justin Timberlake,
Juventa,
K.D. Lang,
K'naan,
Kacey Musgraves,
Kagamine Rin,
Kaiju,
Kajagoogoo,
Kaleo,
Kansas,
Kanye West,
Kaskade & Project 46,
Kate Bush,
Katrina & The Waves,
Katsuo Ono Band,
Katy B,
Katy Perry,
"Katy Perry, Migos",
Katy Tiz,
Kaytranada,
Ke$ha,
Keely Smith & Louis Prima,
Kehlani,
Keith Sweat,
Keith Urban,
Kelly Sweet,
Kendrick Lamar,
"Kenny Chesney, Grace Potter",
Kenny Rogers,
Kevin Gates,
Khai,
Khalid,
Kid Cudi,
Kid Rock,
Killigrew,
King Crimson,
Kings College Choir,
Kings Of Leon,
KMFDM,
Knife Party,
Kodaline,
Kool & The Gang,
Kraftwerk,
krew$,
Krewella,
Kruiz,
Krys Talk,
Krysta Nick,
KSHMR,
KT Tunstall,
Kundan Lal Saigal,
Kurt Vile,
Kygo & Selena Gomez,
KYLE,
Kylie Minogue,
Labrinth,
Lady Antebellum,
Lady Gaga,
Lana Del Rey,
Landon Pigg,
Lani Hall,
Las Ketchup,
Laura Mvula,
Laura Story,
Lawson,
Lazy Town,
LCD Soundsystem,
Leah McFall,
"Lecrae, Breyan Isaac",
Led Zeppelin,
Lee Brice,
Lee Ritenour,
Len,
Lenka,
Leon Bridges,
Leonard Cohen,
Leonie Lewis,
Les MisŽrables,
Les MisŽrables 10th Anniversary Concert Cast,
Lesley Gore,
Leslie Ryan,
Less Than Jake,
Lettuce,
Lianne La Havas,
Light Asylum,
lil bo weep,
lil peep,
lil pretty,
lil soda boi,
Lil Wayne,
"Lil Wayne, Wiz Khalifa & Imagine Dragons w/ Logic & Ty Dolla $ign ft X Ambassadors",
lil yung pharaoh,
Limp Bizkit,
Lindsey Stirling,
Lindsey Stirling & Peter Hollens,
Linkin Park,
Little Mix,
Little Violet,
Live,
Livin' Joy,
Living Colour,
Local Natives,
Logic,
lontalius,
Lorde,
Lori McKenna,
Los del Rio,
Lou Reed,
Louden Swain,
Louis Armstrong,
Louis Armstrong & Ella Fitzgerald,
Louis Armstrong & Kenny G,
Loverboy,
Loving Caliber,
Luca Fogale,
Lucie Silvas,
Lucy Rose,
Ludacris,
Ludovico Einaudi,
Luis Fonsi,
Lukas Graham,
Luke Bryan,
Luke Vibert,
Luke Vibert & BJ Cole,
LUNA,
Lupe Fiasco,
Lupe Fiasco & Guy Sebastian,
Luther Vandross,
Lyndsay Buckingham,
Lynyrd Skynyrd,
LYRE LE TEMPS,
M.O.P.,
M83,
M86,
Macintosh Plus,
Macklemore,
MadColour,
Madeon,
Madness,
Madonna,
MAGIC!,
mahalo,
MAIKA,
Major Lazer,
Major Lazer & DJ Snake,
Malo,
Manganas Garden,
Mannish Boy,
Manowar,
Marc Cohn,
Marconi Union,
Marcus Miller,
Marcus Mumford,
Mariah Carey,
Marilyn Manson,
Marina And The Diamonds,
Mario Lanza,
Maritime,
Mark Dorricott,
Mark Ronson,
Markus Schulz ft. DeLacey,
Maroon 5,
Martha and The Muffins,
Martika,
Martin Garrix,
Martin Garrix & Bebe Rexha,
maru,
Marvin Gaye,
Mary J. Blige,
Massive Attack,
Masta Ace,
Master Saleem & Shruti Pathak,
Matoma & Gia,
Matt and Kim,
Matt Monro,
Matthew Blake,
Matthew Parker,
Matthew Wilder,
Matti Paalanen,
Max,
Mayday Parade,
Mazzy Star,
MC Solaar,
McFly,
Mefjus,
Megadeth,
Meghan Trainor,
Megurine Luka & GUMI,
Melanie Martinez,
Melody Chubak,
meltycanon,
Melvv,
Men At Work,
Men Without Hats,
Merce ft. Farisha,
Metallica,
Mew,
MGMT,
Michael Brun,
Michael BublŽ,
Michael Haggins,
Michael Jackson,
Michael Johnson,
Michael Learns To Rock,
Michael Nyman,
Michael Winslow and Hjortur Stephensen,
MICHL,
Mick Jenkins,
Midnight Faces,
Migos,
MIKA,
Mike Oldfield,
Mike WiLL Made-It,
Mikey Mike,
Mikky Ekko,
Miles Davis,
Miley Cyrus,
Milk And Bone,
Milon Mahmud,
Mipso,
Miranda Lambert,
MISSIO,
Misterwives,
Mithoon (ft. Arijit Singh),
M¯,
Moana,
Moby,
Modest Mouse,
Moe Shop,
Mohit Chauhan & Suzanne D'Mello,
"Mohit Chauhan, Alyssa Mendonsa",
moi Caprice,
M¿me,
MONO,
Monogato,
MonoNeon,
Mononome,
Monty Python,
Moodymann,
Moon Taxi,
More Kords,
Motšrhead,
Motorpsycho,
moumoon,
Mozart,
Muse,
Mutemath,
My Chemical Romance,
My Morning Remix,
Mydas & Loz Contreras,
mydigo,
Mykool,
n u a g e s,
Nahko and Medicine for the People,
nahom,
Nancy Sinatra,
NAO,
Napoleon Bonaparte,
"Naresh, Srinivas, Bony Chakravorty & Karthik",
Nas,
Natalie Hemby,
Natasha Bedingfield,
Naxatras,
Neal Casal,
neeks,
Neil Diamond,
Neil Young,
Neka Morgondagen,
Nelson Can,
Netsky,
Neulore,
Neutral Milk Hotel,
"never,forever",
nevercolour,
New Order,
New Radicals,
Niall Horan,
Nick Drake,
nick gray,
Nick Perito,
Nickel Creek,
Nicki Minaj,
Nicky Jam,
Nicky Jam & Enrique Iglesias,
Nicky Romero,
Nightwish,
Nina Simone,
Nine Black Alps,
Nine Inch Nails,
Nirvana,
No Doubt,
no1,
Noah Cyrus,
noheart,
Noname,
Noortje van Middelkoop,
Norah Jones,
Nothing But Thieves,
NotYuki,
nova,
Novo Amor,
Novo Amor & Ed Tullett,
Nox Vorago,
Nu Disco Electro Swing Jazzotron Vs Jamie Berry,
Nujabes,
NWA,
Oasis,
OceanLab,
ODESZA,
Ofra Haza,
Oh Wonder,
Old Crow Medicine Show,
Old Dominion,
oliver,
Olivia Newton-John,
One Direction,
OneRepublic,
Onew & Rocoberry,
Onra,
Opeth,
Orbital,
Orleans,
Otis Redding,
Outkast,
Owl City,
Owl City & Carly Rae Jepsen,
Ozzy Osbourne,
P.O.D.,
Pachelbel,
Paint The Sky Red,
Palace,
Panic! At The Disco,
Pantera,
Papa Roach,
Paper Diamond,
Papon,
Paramore,
"PARTYNEXTDOOR, Drake",
Passenger,
Passion Pit,
Pat Martino,
PatrickReza,
Patti LaBelle,
Paul Engemann,
Paul Kalkbrenner,
Paul McCartney and Wings,
Pav Dharia,
Pearl Jam,
Pedro G—mez,
PEggy Suave,
Pendulum,
Pennywise,
Pentagram,
Per Bjerregaard,
Percy Faith,
Persona 5,
Pet Shop Boys,
Pete Townshend,
Peter Bjorn And John,
Peter Gabriel,
Peter Graham,
PETIT BISCUIT,
Petula Clark,
Pharrell Williams,
Phil Collins,
Phillip Phillips,
Phish,
Phoenix,
Phosphorescent,
Pierce The Veil,
PierreTheKidd,
Pilot,
Pink,
Pink Floyd,
Pink Guy,
Pinky And The Brain,
Plain White T's,
Play,
Plusmacher,
Pocahontas,
Poets Of The Fall,
Poison Clan,
Pond,
Poolz,
Porcupine Tree,
Porter Robinson & Madeon,
Portishead,
Prateek Kuhad & Ankur Tewari,
PRFFTT & Svyable ft. Jonny Rose,
Prime Time Beats,
Protohype ft. Alina Renae,
PSquare,
PSY,
Psycho Crooks,
"Puff Daddy, Mase & The Notorious B.I.G.",
Pusha T,
Quantic,
Queen,
Queen & David Bowie,
R.E.M.,
R.J. Stefanski,
R3hab,
R3hab & Felix Snow,
Rachel Platten,
Radical Face,
Radiohead,
Rae Sremmurd,
Rage Against The Machine,
raheazy,
Raine & The City of Prague Philharmonic Orchestra,
Rammstein,
Ranbir Kapoor,
Randy Crawford,
Randy Newman,
Ratatat,
Raven,
Ray LaMontagne,
RDGLDGRN,
Reaem & Kdn,
Rebecca Black,
Red,
Red Hot Chili Peppers,
Redlight Kings,
Reeves Raymond ft. Alex Staltari & Diana,
Renn,
ZHU,
Reverend Horton Heat,
Reverie Sound Revue,
Rhapsody,
Ric Prydz,
Richard and Linda Thompson,
Richard Anthony,
Richard Strauss,
Rick Astley,
Rick James,
Rick Ross,
Ricky Martin,
Right Said Fred,
Rihanna,
Rin and Len Kagamine,
Rise Against,
Ritchie Valens,
Rob Viktum,
Robert Palmer,
Robert Plant,
Roberta Flack & Donny Hathaway,
Robyn S,
Rocky Balboa,
Rocky Craw,
Rod Mcinnes,
Rodney Krick,
Rodrigo y Gabriela,
Roger Creager,
Rogue,
Rohff,
Rollz,
Rosie Lorraine,
Ross Cooperman,
Roy Bailey,
Rubblebucket,
Rumer,
Rush,
Russian Circles,
Russkaja,
rvm,
Ryan Adams,
Ryan O'Shaughnessy,
Ryan Star,
S!X,
SABATON,
Sacha Baron Cohen,
Sacred,
Sade,
Sadistik,
saen,
saib.,
SALES,
Sam Hunt,
Sam Smith,
Samantha Jade,
Sammy Hagar,
samsa,
Samuel Barber,
Sanam,
Sander van Doorn & LVNDSCAPE,
Santa Esmeralda,
Santana,
Sara Bareilles,
Sara Haze,
Sara Watkins,
Sarah Darling,
Sarah Jarosz,
Sarah McLachlan,
Savages,
Saving Private Ryan OST,
"Scandal, Patty Smyth",
Schubert,
Scottish Country Dances,
Screaming Trees,
Sean Paul,
Secoya,
Seether,
Selena Gomez,
Selena Gomez & The Scene,
Serena Ryder,
Serge Gainsbourg,
Sergio Mendes and Brasil '66,
Serotonia,
Set It Off,
Seven Lions with Myon & Shane 54 ft. Tove Lo,
Sex Pistols,
Shakira,
Shaman's Harvest,
Shankar Mahadevan,
Shannon Noll,
Shawn Colvin,
Shawn Mendes,
Shayne Ward,
Sheppard,
Sheryl Crow,
Sheryn Regis,
SHIGETO,
shinigami,
Shirley Manson,
Shivaree,
Shockline,
Shop Boyz,
Shreya Ghoshal,
Sia,
Siamese,
Sigrid,
Sigur R—s,
Silver,
Silversun Pickups,
Simon & Garfunkel,
Simple Minds,
Simple Plan,
Simply Red,
Sinead O'Connor,
Singularity,
Sister Act,
Sixpence None The Richer,
SizzleBird,
Skeeter Davis,
Skillet,
Skylar Grey,
Skyvoice & Blure,
Slayer,
Sleeping At Last,
Sleeping With Sirens,
Slevemor,
Slipknot,
Sly & The Family Stone,
Smallpools,
Smash Mouth,
Smashing Pumpkins,
Smokey Mountain,
Snap!,
Snarky Puppy,
Snoop Dogg,
Snow Patrol,
Snow White,
Solange,
Sona,
Songs: Ohia,
SONiKA,
Soul II Soul,
Soul Survivors,
Soulfy,
Soundgarden,
SoutaiseiRiron,
Spaarkey,
Spock's Beard,
SpongeBob SquarePants,
spooky black,
Spotlight Kid,
Spyro Gyra,
Squeeze,
squints mane,
Star Wars,
Starley,
Stars Of The Lid,
Starset,
Static-P,
Steely Dan,
Stephen,
Steppenwolf,
Stereophonics,
Steve Aoki,
Steve Aoki & Louis Tomlinson,
Steve Winwood,
Stevie Wonder,
Sting,
Stone Roses,
Strapping Young Lad,
STRFKR,
Striking Matches,
STS9,
Styles of Beyond,
Sublime,
Subtact,
Suede,
Sufjan Stevens,
Sugar Ray,
"Sukhwinder Singh, Shadab Faridi",
Sum 41,
Sumi Jo,
Summer Salt,
"Sunidhi Chauhan, Arijit Singh, Neeti Mohan",
sunny woe,
Super Furry Animals,
Super Sunshine Kids,
Supertramp,
"Suraj Jagan, Joi Barua, Shankar Mahadevan",
Survivor,
Susannah McCorkle,
Suuns,
Suzanne Vega,
Sweet Baboo,
Sweet Female Attitude,
swerzie,
Swingrowers,
Switchfoot,
Syd Matters,
Sylvan Esso,
syringe,
System Of A Down,
Systems Officer,
SZA,
T. Rex,
Taco,
Taj Mahal,
Talking Heads,
Tame Impala,
Tangerine Dream,
Taryn Manning,
Taylor Swift,
"Taylor Swift, ZAYN",
Tears For Fears,
Ted Nugent,
Telekinesis,
TEN,
ten diamonds,
Tenacious D,
The 1975,
The Allman Brothers,
The Andrews Sisters,
The Angels,
The Animals,
The Avalanches,
The Avett Brothers,
The Babe Rainbow,
The Balancing At,
The Bangles,
The Beach Boys,
The Beastie Boys,
The Beatles,
The Belle Stars,
The Bill Evans Trio,
The Black Crowes,
The Black Eyed Peas,
The Black Keys,
The Book of Mormon: Musical,
The Brian Jonestown Massacre,
The Carpenters,
The Cascades,
The Chainsmokers,
The Chainsmokers & Coldplay,
The Church,
The Cinematic Orchestra,
The City,
The Commodores,
The Connells,
The Crusaders,
The Cult,
The Cure,
The Doors,
The Drifters,
The Easybeats,
The Eden Project ft. Laura Brehm,
The Everly Brothers,
The Fabulous Thunderbirds,
The Flaming Lips,
The Flashbulb,
The Fratellis,
The Fray,
The Friends Of Distinction,
The Front Bottoms,
The Funk District,
The Glitch Mob,
The Guess Who,
The Hives,
The Hollies,
The Internet,
The Jam,
The Jazzual Suspects,
The Jesus And Mary Chain,
The Kayhawks,
The Killers,
The Kills,
The Kingston Trio,
The Kinks,
The Kooks,
The London Souls,
The Lonely Island,
The Lovin Spoonful,
The Lumineers,
The Moody Blues,
The Motels,
The Mowgli's,
The Music Man,
The Naked And Famous,
The Neighbourhood,
The Offspring,
The Perceptionists,
The Pillows,
The Polyphonic Spree,
The Pretenders,
The Pretty Reckless,
The Proclaimers,
The Prodigy,
The PropheC,
The PropheC (ft. Mickey Singh),
The Rascals,
The Rembrandts,
The Revivalists,
The Rezillos,
The Rippingtons,
The Rolling Stones,
The Sables,
The Score,
The Script,
The Sheepdogs,
The Shins,
The Shoes,
The Sisters Of Mercy,
The Smashing Pumpkins,
The Smiths,
The Sound Of Music,
The Stranglers,
The Strays,
The Strokes,
The Stylistics,
The Susquehanna Floods,
The Temper Trap,
The Trashmen,
The Velvet Underground and Nico,
The Verve,
The Wanted,
The War On Drugs,
The Weather Girls,
The Weeknd,
The White Stripes,
The Who,
The xx,
TheFatRat,
Theia,
Third Eye Blind,
Thom Pace,
Thomas Kšner,
Thousand Foot Krutch,
Thrice,
TIEKS,
TIFFANY,
Tim Bryant,
Timeflies,
Timmy Trumpet & Savage,
"Timofei Dokshizer, Iosif Andriasov, Trumpet and Symphony Orchestra",
Tina Turner,
Tiwa Savage,
TJR,
Toby Fox,
Todd Rundgren,
Tom Hangs ft. Shermanology,
Tom Petty,
Tom Petty & The Heartbreakers,
Tom Robinson Band,
Tom Tom Club,
Tom Waits,
tomppabeats,
"Tony Anthem & Axl Ender, Erb N Dub",
Tony Orlando & Dawn,
Tool,
Toto,
Tracy Chapman,
Train,
Trainwreck Of Electro Swing,
Trapt,
Travelling Wilbury,
Travis,
Travis McCoy,
Travis Tritt,
Treetop Flyers,
Tremonti,
Trent Reznor & Atticus Ross,
trevor daniel,
Tricky,
TroyBoi,
Troye Sivan,
Tuen ft. Zo‘ Phillips,
TuneDEF,
Tunng,
twenty one pilots,
Twinkle Little Songs,
Two Door Cinema Club,
Two Steps From Hell,
Tye Tribbett,
Tyrone Wells,
U2,
Udit Narayan,
UFO,
Ulrich Schnauss,
"Una Healy, Sam Palladio",
UNI,
Unknown,
Uppermost,
Us The Duo,
US3,
USSR,
Uzeb,
vague003,
Van Halen,
Van Morrison,
Vance Joy,
Vangelis,
Vapor Trail,
Vashti Bunyan,
velvetears,
Venemy & Aznar ft. Doubletake!,
Vengaboys,
Verdi,
VƒRITƒ,
Vexaic,
VHS Glitch,
Viatrophy,
Vibesquad,
Vicetone & Tony Igy,
Vienna Teng,
Village People,
Vince Staples,
Violent Femmes,
Virtual Riot,
Viruz Zamora,
Vivaldi,
VNV Nation,
Vulfpeck,
VULFPECK,
Walk off the Earth,
Walk The Moon,
Walking Def,
Wang Chung,
Wang Leehom,
Wanted OST,
Wanting Qu,
War,
Ward Thomas,
Warren Mendonsa,
Washed Out,
Watsky,
Wayne Static,
Ween,
Weezer,
Westlife,
Wham!,
White Lies,
White Zombie,
Whitesnake,
Widespread Panic,
Wilco,
Wild Cherry,
Wilhelm Richard Wagner,
Wilkinson,
Willie Nelson,
Wingtip,
Wintersun,
Within Reason,
Within Temptation,
Wiz Khalifa,
Wolfgang Lohr,
Wolfgang Lohr & Alice Francis,
Wreckage Machinery,
Wu-Tang Clan,
Wyclef Jean,
X Ambassadors,
XXXTENTACION,
XXYYXX,
Yann Tiersen,
Years & Years,
Yemi Alade,
Yiruma,
Ylvis,
Yngwie Malmsteen,
YOB,
young n fly,
Young Scooter,
Young Thug,
young true x jurp,
Yumemi Nemu,
Yung Bae & MACROSS,
Zac Brown Band,
Zack Hemsey,
Zack Knight,
Zarif,
Zee Avi,
Zella Day,
Zero 7
